{
  "project_info": {
    "project_number": "811506693498",
    "project_id": "quiz-f0741",
    "storage_bucket": "quiz-f0741.appspot.com"
  },
  "client": [
    {
      "client_info": {
        "mobilesdk_app_id": "1:811506693498:android:badec12c3266c857f552c3",
        "android_client_info": {
          "package_name": "com.example.quiz"
        }
      },
      "oauth_client": [],
      "api_key": [
        {
          "current_key": "AIzaSyAT__xvxwMWCjxQUymLkImx1qyC-JYqmdU"
        }
      ],
      "services": {
        "appinvite_service": {
          "other_platform_oauth_client": []
        }
      }
    }
  ],
  "configuration_version": "1"
}